-- phpMyAdmin SQL Dump
-- version 4.2.5
-- http://www.phpmyadmin.net
--
-- Host: localhost
-- Generation Time: Aug 27, 2017 at 05:15 PM
-- Server version: 5.5.54
-- PHP Version: 5.5.38

SET SQL_MODE = "NO_AUTO_VALUE_ON_ZERO";
SET time_zone = "+00:00";


/*!40101 SET @OLD_CHARACTER_SET_CLIENT=@@CHARACTER_SET_CLIENT */;
/*!40101 SET @OLD_CHARACTER_SET_RESULTS=@@CHARACTER_SET_RESULTS */;
/*!40101 SET @OLD_COLLATION_CONNECTION=@@COLLATION_CONNECTION */;
/*!40101 SET NAMES utf8 */;

--
-- Database: `mmbooking`
--

-- --------------------------------------------------------

--
-- Table structure for table `admins`
--

CREATE TABLE IF NOT EXISTS `admins` (
`id` int(11) NOT NULL,
  `email` varchar(255) NOT NULL,
  `name` varchar(255) NOT NULL,
  `password` varchar(255) NOT NULL,
  `status` int(11) NOT NULL,
  `remember_me_hash` varchar(255) NOT NULL,
  `forgot_password_hash` varchar(255) NOT NULL,
  `role` varchar(100) NOT NULL,
  `created` int(11) NOT NULL,
  `modified` int(11) NOT NULL
) ENGINE=InnoDB  DEFAULT CHARSET=latin1 AUTO_INCREMENT=2 ;

--
-- Dumping data for table `admins`
--

INSERT INTO `admins` (`id`, `email`, `name`, `password`, `status`, `remember_me_hash`, `forgot_password_hash`, `role`, `created`, `modified`) VALUES
(1, 'test978056@gmail.com', 'Admin', 'd033e22ae348aeb5660fc2140aec35850c4da997', 1, '', '3b5dbe2e5dab5d6028c52f62685ee375', 'admin', 0, 0);

-- --------------------------------------------------------

--
-- Table structure for table `admin_settings`
--

CREATE TABLE IF NOT EXISTS `admin_settings` (
`id` int(11) NOT NULL,
  `admin_id` int(11) NOT NULL,
  `name` varchar(255) NOT NULL,
  `value` varchar(255) NOT NULL,
  `status` int(2) NOT NULL,
  `created` int(11) NOT NULL,
  `modified` int(11) NOT NULL
) ENGINE=InnoDB DEFAULT CHARSET=latin1 AUTO_INCREMENT=1 ;

-- --------------------------------------------------------

--
-- Table structure for table `ads`
--

CREATE TABLE IF NOT EXISTS `ads` (
`id` int(11) NOT NULL,
  `title` varchar(255) NOT NULL,
  `image` varchar(64) NOT NULL,
  `type` int(3) NOT NULL COMMENT '1=> top ads, 3 => bottom-ads',
  `status` int(3) NOT NULL,
  `created` int(11) NOT NULL,
  `modified` int(11) NOT NULL
) ENGINE=InnoDB  DEFAULT CHARSET=utf8 AUTO_INCREMENT=24 ;

--
-- Dumping data for table `ads`
--

INSERT INTO `ads` (`id`, `title`, `image`, `type`, `status`, `created`, `modified`) VALUES
(18, 'banner1', '763c11da4941b1f6cda24cad08068cbcb48b25b0.png', 1, 1, 1503822054, 1503822054),
(19, 'banner2', '32d8476df6b47640c76f3d7717f5e1128ce770d0.png', 1, 1, 1503822072, 1503822072),
(20, 'side', '7eba6bc5a0a180fd7309eb42e21af63bab87e671.png', 2, 1, 1503822110, 1503822110),
(21, 'bottom1', '05594024e0aa5eb085e0caf0f1c2c8735bea59dc.png', 3, 1, 1503822175, 1503822175),
(22, 'bottom2', 'ceb48f779d32e118580d474ab23c5d79fad5b250.png', 3, 1, 1503822194, 1503822194),
(23, 'Banner 3', '1ba1ad384fd0e925b0dac5d537be12eced3b7138.png', 1, 1, 1503826469, 1503826469);

-- --------------------------------------------------------

--
-- Table structure for table `articles`
--

CREATE TABLE IF NOT EXISTS `articles` (
`id` int(11) NOT NULL,
  `title` varchar(255) NOT NULL,
  `description` text NOT NULL,
  `photo` varchar(64) NOT NULL,
  `status` int(2) NOT NULL,
  `added` int(11) NOT NULL,
  `created` int(11) NOT NULL,
  `modified` int(11) NOT NULL
) ENGINE=InnoDB  DEFAULT CHARSET=utf8 AUTO_INCREMENT=4 ;

--
-- Dumping data for table `articles`
--

INSERT INTO `articles` (`id`, `title`, `description`, `photo`, `status`, `added`, `created`, `modified`) VALUES
(2, 'Blog 1', 'Lorem Ipsum is simply dummy text of the printing and typesetting industry. Lorem Ipsum has been the industry''s standard dummy text ever since the 1500s, when an unknown printer took a galley of type and scrambled it to make a type specimen book. It has survived not only five centuries, but also the leap into electronic typesetting, remaining essentially unchanged. It was popularised in the 1960s with the release of Letraset sheets containing Lorem Ipsum passages, and more recently with desktop publishing software like Aldus PageMaker including versions of Lorem Ipsum.', 'eeffc419b184c4e5756334fb427d7f026be4456e.png', 1, 1502275843, 1502275843, 1502275843),
(3, 'Blog 2', 'Lorem Ipsum is simply dummy text of the printing and typesetting industry. Lorem Ipsum has been the industry''s standard dummy text ever since the 1500s, when an unknown printer took a galley of type and scrambled it to make a type specimen book. It has survived not only five centuries, but also the leap into electronic typesetting, remaining essentially unchanged. It was popularised in the 1960s with the release of Letraset sheets containing Lorem Ipsum passages, and more recently with desktop publishing software like Aldus PageMaker including versions of Lorem Ipsum.', '6a35636d1bdcb122874a6fdd85dc2ef92b1384b1.png', 1, 1502275888, 1502275888, 1502275888);

-- --------------------------------------------------------

--
-- Table structure for table `article_comments`
--

CREATE TABLE IF NOT EXISTS `article_comments` (
`id` int(11) NOT NULL,
  `comment` text NOT NULL,
  `user_id` int(11) NOT NULL,
  `article_id` int(11) NOT NULL,
  `status` int(2) NOT NULL,
  `created` int(11) NOT NULL,
  `modified` int(11) NOT NULL
) ENGINE=InnoDB  DEFAULT CHARSET=utf8 AUTO_INCREMENT=8 ;

--
-- Dumping data for table `article_comments`
--

INSERT INTO `article_comments` (`id`, `comment`, `user_id`, `article_id`, `status`, `created`, `modified`) VALUES
(3, 'testing comments.', 253, 2, 1, 1502280116, 1502280116),
(4, 'testing comments.', 253, 2, 1, 1502280168, 1502280168),
(5, 'test comments again', 253, 2, 1, 1502281816, 1502281816),
(6, 'test comments.', 253, 3, 1, 1502282067, 1502282067),
(7, 'dgfdg', 253, 3, 1, 1502288919, 1502288919);

-- --------------------------------------------------------

--
-- Table structure for table `bookings`
--

CREATE TABLE IF NOT EXISTS `bookings` (
`id` int(11) NOT NULL,
  `event_id` int(11) NOT NULL,
  `user_id` int(11) NOT NULL,
  `ticket_category_id` int(11) NOT NULL,
  `number_of_tickets` int(3) NOT NULL,
  `coupon_id` int(11) NOT NULL,
  `price` float NOT NULL,
  `qrcode` varchar(255) NOT NULL,
  `status` int(2) NOT NULL,
  `card_holder_name` varchar(255) NOT NULL,
  `card_expiry_year` int(4) NOT NULL,
  `card_expiry_month` int(2) NOT NULL,
  `card_number` varchar(32) NOT NULL,
  `card_cvv` varchar(8) NOT NULL,
  `card_type` varchar(16) NOT NULL,
  `created` int(11) NOT NULL,
  `modified` int(11) NOT NULL
) ENGINE=InnoDB  DEFAULT CHARSET=utf8 AUTO_INCREMENT=47 ;

--
-- Dumping data for table `bookings`
--

INSERT INTO `bookings` (`id`, `event_id`, `user_id`, `ticket_category_id`, `number_of_tickets`, `coupon_id`, `price`, `qrcode`, `status`, `card_holder_name`, `card_expiry_year`, `card_expiry_month`, `card_number`, `card_cvv`, `card_type`, `created`, `modified`) VALUES
(1, 88, 86, 7, 5, 0, 0, '362649', 0, 'JD singh', 2017, 10, '123456780', '123', 'VISA', 1503054222, 1503054222),
(2, 88, 86, 7, 5, 0, 0, '405891', 0, 'JD singh', 2018, 10, '123456780', '123', 'VISA', 1503054409, 1503054409),
(3, 88, 86, 7, 5, 0, 0, '849085', 0, 'JD singh', 2018, 10, '123456780', '123', 'VISA', 1503054820, 1503054820),
(4, 88, 86, 7, 5, 0, 0, '357177', 0, 'JD singh', 2018, 10, '123456780', '123', 'VISA', 1503056053, 1503056053),
(5, 88, 86, 7, 5, 0, 0, '716752', 0, 'JD singh', 2018, 10, '123456780', '123', 'VISA', 1503056089, 1503056089),
(6, 88, 86, 7, 5, 0, 0, '172503', 0, 'JD singh', 2018, 10, '123456780', '123', 'VISA', 1503058648, 1503058648),
(7, 88, 86, 7, 5, 0, 0, '580329', 0, 'JD singh', 2018, 10, '123456780', '123', 'VISA', 1503060540, 1503060540),
(8, 88, 86, 7, 5, 0, 0, '782910', 0, 'JD singh', 2018, 10, '123456780', '123', 'VISA', 1503065601, 1503065601),
(9, 88, 90, 7, 11, 0, 0, '790735', 0, 'vinay', 22, 6, '66666666666', '123', 'VISA', 1503380721, 1503380721),
(10, 88, 90, 7, 11, 0, 0, '969051', 0, 'vinay', 22, 6, '66666666666', '123', 'visa', 1503380748, 1503380748),
(11, 1, 90, 5, 4, 0, 0, '194406', 0, 'ddd', 2024, 4, '123456', '123', 'VISA', 1503381560, 1503381560),
(12, 1, 90, 5, 1, 0, 0, '138188', 0, 'tutuy', 2023, 3, '454yuy688778', '1112', 'VISA', 1503381957, 1503381957),
(13, 1, 90, 5, 1, 0, 0, '421630', 0, 'tutuy', 2023, 3, '454yuy688778', '1112', 'VISA', 1503381967, 1503381967),
(14, 1, 90, 5, 1, 0, 0, '867716', 0, 'drr', 2023, 3, 'rrr', '1155', 'VISA', 1503392588, 1503392588),
(15, 1, 90, 16, 1, 0, 0, '393294', 0, 'gg', 2022, 3, 'gyy', '123', 'VISA', 1503392988, 1503392988),
(16, 88, 98, 7, 1, 0, 0, '796189', 0, '"the Haj"', 21, 9, '4242424424242442', '206', 'VISA', 1503396151, 1503396151),
(17, 88, 86, 7, 5, 0, 0, '712687', 0, 'JD singh', 2018, 10, '123456780', '123', 'VISA', 1503397780, 1503397780),
(18, 88, 86, 7, 5, 0, 0, '312879', 0, 'JD singh', 2018, 10, '123456780', '123', 'VISA', 1503398220, 1503398220),
(19, 88, 86, 7, 5, 0, 0, '741330', 0, 'JD singh', 18, 10, '123456780', '123', 'VISA', 1503398232, 1503398232),
(20, 88, 98, 7, 1, 0, 0, '623627', 0, '"the Haj"', 21, 9, '4242424424242442', '206', 'VISA', 1503403605, 1503403605),
(21, 88, 98, 7, 1, 0, 0, '297853', 0, '"the Haj"', 21, 9, '4242424424242442', '206', 'VISA', 1503403663, 1503403663),
(22, 88, 98, 7, 1, 0, 0, '744147', 0, '"the Haj"', 21, 9, '4242424424242442', '206', 'VISA', 1503403709, 1503403709),
(23, 1, 90, 14, 3, 0, 0, '716137', 0, 'ggy', 2021, 5, '124666788889', '1522', 'VISA', 1503465780, 1503465780),
(24, 1, 90, 5, 1, 0, 0, '178425', 0, 'hehrhr', 2020, 4, 'hehdh', '123', 'VISA', 1503465874, 1503465874),
(25, 1, 90, 14, 1, 0, 0, '485852', 0, 'uuuu', 2020, 5, 'hhh', '899', 'VISA', 1503468012, 1503468012),
(26, 2, 90, 20, 1, 0, 0, '322400', 0, 'syys', 2021, 5, 'jfjdjx', '666', 'VISA', 1503468766, 1503468766),
(27, 1, 90, 14, 1, 0, 0, '436098', 0, 'duudd', 2019, 4, 'dhhdd', '54644', 'VISA', 1503469631, 1503469631),
(28, 1, 90, 14, 1, 0, 0, '246211', 0, 'yy', 2019, 4, 'hhh', '222', 'VISA', 1503472336, 1503472336),
(29, 1, 90, 14, 1, 0, 0, '309918', 0, 'hhu', 2020, 4, 'huu', '2252', 'VISA', 1503472647, 1503472647),
(30, 1, 90, 14, 1, 0, 0, '970885', 0, 'ghy', 2020, 5, 'ghy', '858', 'VISA', 1503472984, 1503472984),
(31, 1, 90, 14, 1, 0, 0, '472870', 0, 'jjj', 2021, 4, 'vvg', '555', 'VISA', 1503473569, 1503473569),
(32, 1, 90, 14, 1, 0, 0, '351926', 0, 'ghh', 2019, 4, ' vv', '555', 'VISA', 1503473705, 1503473705),
(33, 1, 100, 20, 4, 123, 0, '365065', 0, 'JD test', 2018, 8, '123456789101213', '123', 'VISA', 1503493512, 1503493512),
(34, 1, 100, 20, 4, 123, 0, '405693', 0, 'JD test', 2018, 8, '123456789101213', '123', 'VISA', 1503493526, 1503493526),
(35, 1, 90, 14, 1, 0, 0, '736847', 0, 'duud', 2020, 4, 'hdhd', '123', 'VISA', 1503493753, 1503493753),
(36, 1, 100, 20, 4, 123, 0, '713801', 0, 'JD test', 2018, 8, '123456789101213', '123', 'VISA', 1503494277, 1503494277),
(37, 1, 98, 5, 4, 45454, 0, '816043', 0, 'test', 2018, 12, '4111111111111111', '321', 'visa', 1503496621, 1503496621),
(38, 1, 100, 67, 4, 123, 0, '265079', 0, 'JD test', 2018, 8, '123456789101213', '123', 'VISA', 1503499470, 1503499470),
(39, 1, 98, 5, 4, 56, 0, '224023', 0, 'test', 2018, 12, '4111111111111111', '321', 'visa', 1503499552, 1503499552),
(40, 1, 33, 5, 3, 0, 0, '842810', 0, 'gfdgfdg', 2017, 1, '6546-5456-4654-6546', '211', 'VISA', 1503501498, 1503501498),
(41, 1, 33, 5, 3, 0, 0, '359758', 0, 'hghfgh', 2017, 1, '5694-5465-4984-9854', '654', 'VISA', 1503501546, 1503501546),
(42, 1, 33, 5, 3, 0, 0, '349274', 0, 'hfgh', 2017, 1, '4654-6464-6546-5464', '545', 'VISA', 1503501720, 1503501720),
(43, 1, 33, 5, 3, 0, 0, '268382', 0, 'dsdsf', 2017, 1, '5654-6456-4654-6545', '654', 'VISA', 1503501812, 1503501812),
(44, 1, 33, 5, 12, 0, 0, '582585', 0, 'fdgd', 2017, 1, '4654-6545-6464-6465', '454', 'VISA', 1503551343, 1503551343),
(45, 1, 33, 5, 2, 0, 0, '514973', 1, 'fsdfg', 2031, 10, '4242-4242-4242-4242', '321', 'VISA', 1503601224, 1503601224),
(46, 1, 125, 5, 1, 0, 0, '419143', 0, 'anrit', 2023, 8, '567545678644', '123', 'VISA', 1503818421, 1503818421);

-- --------------------------------------------------------

--
-- Table structure for table `categories`
--

CREATE TABLE IF NOT EXISTS `categories` (
`id` int(11) NOT NULL,
  `name` varchar(255) NOT NULL,
  `status` int(11) NOT NULL,
  `created` int(11) NOT NULL,
  `modified` int(11) NOT NULL
) ENGINE=InnoDB  DEFAULT CHARSET=latin1 AUTO_INCREMENT=14 ;

--
-- Dumping data for table `categories`
--

INSERT INTO `categories` (`id`, `name`, `status`, `created`, `modified`) VALUES
(3, 'Live Bands', 1, 1502371718, 1503062242),
(4, 'Night life', 1, 1502371718, 1502371718),
(5, 'Fashion', 1, 1502371718, 1502371718),
(6, 'Concerts', 1, 1502371718, 1502371718),
(7, 'Outdoors', 1, 1502371718, 1502371718),
(12, 'Amrit', 0, 1502521704, 1502521704),
(13, 'Barger King', 1, 1503831532, 1503831871);

-- --------------------------------------------------------

--
-- Table structure for table `content_magements`
--

CREATE TABLE IF NOT EXISTS `content_magements` (
`id` int(11) NOT NULL,
  `key` varchar(120) NOT NULL,
  `value` text NOT NULL,
  `status` int(11) NOT NULL,
  `created` int(11) NOT NULL,
  `modified` int(11) NOT NULL
) ENGINE=InnoDB  DEFAULT CHARSET=utf8 AUTO_INCREMENT=11 ;

--
-- Dumping data for table `content_magements`
--

INSERT INTO `content_magements` (`id`, `key`, `value`, `status`, `created`, `modified`) VALUES
(8, 'about us', '<p>Cooming Soon....</p>', 1, 1503836983, 1503836983),
(9, 'Contact Us', '<p>Cooming Soon....</p>', 1, 1503837002, 1503837002),
(10, 'Term And Condition', '<p>Cooming Soon...</p>', 1, 1503837038, 1503837038);

-- --------------------------------------------------------

--
-- Table structure for table `events`
--

CREATE TABLE IF NOT EXISTS `events` (
`id` int(11) NOT NULL,
  `user_id` int(11) NOT NULL,
  `name` varchar(200) NOT NULL,
  `start_date` int(11) NOT NULL,
  `end_date` int(11) NOT NULL,
  `start_time` int(11) NOT NULL,
  `end_time` int(11) NOT NULL,
  `description` text NOT NULL,
  `location` varchar(255) NOT NULL,
  `lat` double NOT NULL,
  `long` double NOT NULL,
  `main_photo` text,
  `status` int(2) NOT NULL,
  `created` int(11) NOT NULL,
  `modified` int(11) NOT NULL
) ENGINE=InnoDB  DEFAULT CHARSET=latin1 AUTO_INCREMENT=180 ;

--
-- Dumping data for table `events`
--

INSERT INTO `events` (`id`, `user_id`, `name`, `start_date`, `end_date`, `start_time`, `end_time`, `description`, `location`, `lat`, `long`, `main_photo`, `status`, `created`, `modified`) VALUES
(1, 86, 'fashion_first_hlohfghfghf', 1506722400, 1503525600, 1503022800, 1503018900, 'Description on first eventcdfc', 'S.a.s.nagar (mohali)', 30.7046486, 76.7178726, 'http://202.164.42.226/staging/mmbooking/app/webroot/files/events/rock_event.jpg', 1, 1502371718, 1503066362),
(2, 38, 'fashion_second', 1503486000, 1503460800, 1503486000, 1503460800, 'Description on second event', 'Panchkula', 30.6942091, 76.860565, 'http://202.164.42.226/staging/mmbooking/app/webroot/files/events/rock_event.jpg', 1, 1502371718, 1502371718),
(3, 33, 'live_bands_first', 1503460800, 1503478800, 1503460800, 1503478800, 'live_bands_first_desc', 'Faridabad', 28.4089123, 77.3177894, 'http://202.164.42.226/staging/mmbooking/app/webroot/files/events/rock_event.jpg', 1, 1502373140, 1502373140),
(4, 33, 'live_bands_second', 1514023200, 1514032200, 1514023200, 1514032200, 'live_bands_second_desc', 'Panchkula', 30.6942091, 76.860565, 'http://202.164.42.226/staging/mmbooking/app/webroot/files/events/rock_event.jpg', 1, 1502373533, 1502373533),
(5, 33, 'outdoors_first', 1514023200, 1514032200, 1514023200, 1514032200, 'outdoors_first_desc', 'Panchkula', 30.6942091, 76.860565, 'http://202.164.42.226/staging/mmbooking/app/webroot/files/events/rock_event.jpg', 1, 1502373533, 1502373533),
(6, 33, 'outdoors_sec', 1514023200, 1514032200, 1514023200, 1514032200, 'outdoors_sec_desc', 'Panchkula', 30.6942091, 76.860565, 'http://202.164.42.226/staging/mmbooking/app/webroot/files/events/rock_event.jpg', 1, 1502373533, 1502373533),
(7, 33, 'outdoors_first', 1503460800, 1503478800, 1503460800, 1503478800, 'outdoors_first_desc', 'Faridabad', 28.4089123, 77.3177894, 'http://202.164.42.226/staging/mmbooking/app/webroot/files/events/rock_event.jpg', 1, 1502373140, 1502373140),
(78, 51, 'rdsad', 1502316000, 1502402400, 1502885460, 1502888700, 'dsadsa', 'Mohali, Punjab, India', 30.7046486, 76.71787259999996, 'http://202.164.42.226/staging/mmbooking/app/webroot/files/events/rock_event.jpg', 1, 1502868161, 1502868161),
(85, 80, 'CFSDFD', 1501711200, 1501711200, 1502892900, 1502885700, 'FDGFD', 'Maharashtra, India', 19.7514798, 75.71388839999997, 'http://202.164.42.226/staging/mmbooking/app/webroot/files/events/rock_event.jpg', 1, 1502882237, 1502882237),
(86, 80, 'HFGH', 1502402400, 1503612000, 1502846100, 1502885700, 'HFGHFG', 'Massachusetts, United States', 42.40721070000001, -71.38243740000001, 'http://202.164.42.226/staging/mmbooking/app/webroot/files/events/rock_event.jpg', 1, 1502882311, 1502882311),
(87, 86, 'gfgfdh', 1503525600, 1503612000, 1502932200, 1502928600, 'hfhfdh', 'Maharashtra, India', 19.7514798, 75.71388839999997, 'http://202.164.42.226/staging/mmbooking/app/webroot/files/events/rock_event.jpg', 1, 1502950387, 1502950387),
(88, 86, 'rdsf', 1502920800, 1503698400, 1502975400, 1502972100, 'dsafsaf', 'D Bothell Everett Highway, Bothell, WA, United States', 47.8110921, -122.20877860000002, 'http://202.164.42.226/staging/mmbooking/app/webroot/files/events/rock_event.jpg', 1, 1502950879, 1502950879),
(89, 86, 'fashion_first', 1504994400, 1505080800, 1502949600, 1502924400, 'Description on first event', 'S.a.s.nagar (mohali)', 30.7046486, 76.7178726, 'http://202.164.42.226/staging/mmbooking/app/webroot/files/events/rock_event.jpg', 1, 1502967354, 1502967354),
(90, 86, 'fashion_first_hlo', 1504994400, 1505080800, 1502949600, 1502924400, 'Description on first event', 'S.a.s.nagar (mohali)', 30.7046486, 76.7178726, 'http://202.164.42.226/staging/mmbooking/app/webroot/files/events/rock_event.jpg', 1, 1502967477, 1502967477),
(91, 86, 'erfwwer', 1502834400, 1503525600, 1503051300, 1503050880, ' efwe f e f wee we  r ', 'Mohali, Punjab, India', 30.7046486, 76.71787259999996, 'http://202.164.42.226/staging/mmbooking/app/webroot/files/events/rock_event.jpg', 1, 1503036902, 1503068319),
(92, 86, 'ammm', 1503093600, 1403130400, 1503051300, 1402048000, 'ddwq', 'Mohali, Punjab, India', 30.7046486, 76.71787259999996, 'http://202.164.42.226/staging/mmbooking/app/webroot/files/events/rock_event.jpg', 1, 1503041077, 1503041077),
(93, 86, 'fdhfdh', 1503612000, 1503698400, 1503011100, 1503011100, 'hfghfd', 'Prater M, Vienna, Austria', 48.21479189999999, 16.40596030000006, 'http://202.164.42.226/staging/mmbooking/app/webroot/files/events/rock_event.jpg', 1, 1503063153, 1503069190),
(98, 86, 'dfsd', 1503612000, 1503698400, 1503411300, 1503368100, 'fdgd', 'MO, United States', 37.9642529, -91.8318334, 'http://202.164.42.226/staging/mmbooking/app/webroot/files/events/rock_event.jpg', 1, 1503396029, 1503396029),
(99, 86, 'dsd', 1503612000, 1503612000, 1503364500, 1503403800, 'dsd', 'Maharashtra, India', 19.7514798, 75.71388839999997, 'http://202.164.42.226/staging/mmbooking/app/webroot/files/events/rock_event.jpg', 1, 1503399539, 1503399539),
(101, 86, 'dsd', 1503612000, 1503612000, 1503364500, 1503403800, 'dsd', 'Maharashtra, India', 19.7514798, 75.71388839999997, 'http://202.164.42.226/staging/mmbooking/app/webroot/files/events/rock_event.jpg', 1, 1503399820, 1503399820),
(102, 86, 'fdgd', 1503612000, 1503698400, 1503364500, 1503407700, 'fdgfd', 'Massachusetts, United States', 42.40721070000001, -71.38243740000001, 'http://202.164.42.226/staging/mmbooking/app/webroot/files/events/rock_event.jpg', 1, 1503400284, 1503400284),
(103, 86, 'fgfdg', 1503698400, 1503698400, 1503407700, 1503407700, 'gfdgfdh', 'Maharashtra, India', 19.7514798, 75.71388839999997, 'http://202.164.42.226/staging/mmbooking/app/webroot/files/events/rock_event.jpg', 1, 1503403669, 1503403669),
(104, 86, 'yrtut', 1503612000, 1503612000, 1503407400, 1503403800, 'tretre', 'Maharashtra, India', 0, 0, 'http://202.164.42.226/staging/mmbooking/app/webroot/files/events/rock_event.jpg', 1, 1503405778, 1503405778),
(111, 86, 'ytryrt', 1503698400, 1503698400, 1503399900, 1503407700, 'yrtyrt', 'Prater M, Vienna, Austria', 48.21479189999999, 16.40596030000006, 'http://202.164.42.226/staging/mmbooking/app/webroot/files/events/rock_event.jpg', 1, 1503407599, 1503407599),
(112, 86, 'thrtyut', 1503698400, 1503698400, 1503407700, 1503407700, 'jhjgh', 'Massachusetts, United States', 42.40721070000001, -71.38243740000001, 'http://202.164.42.226/staging/mmbooking/app/webroot/files/events/rock_event.jpg', 1, 1503407644, 1503407644),
(115, 86, 'iuiyu', 1503698400, 1503698400, 1503364500, 1503364500, 'uytiyti', 'Maharashtra, India', 19.7514798, 75.71388839999997, 'http://202.164.42.226/staging/mmbooking/app/webroot/files/events/rock_event.jpg', 1, 1503407846, 1503408933),
(116, 123, 'fashion_second', 1503486000, 1503460800, 1503486000, 1503460800, 'Description on second event', 'Panchkula', 30.6942091, 76.860565, 'http://202.164.42.226/staging/mmbooking/app/webroot/files/events/rock_event.jpg', 1, 1502371718, 1502371718),
(117, 86, 'Hi', 1504044000, 1504044000, 1503540900, 1503569100, 'dsgedfh', 'Delhi, India', 0, 0, '1503559791.png', 1, 1503559790, 1503559805),
(119, 33, 'Test Event', 2147483647, 2147483647, 2147483647, 2147483647, 'testing', 'test loaction', 71.21546, 32.12264, '', 1, 1503576641, 1503576641),
(120, 33, 'Test Event', 2147483647, 2147483647, 2147483647, 2147483647, 'testing', 'test loaction', 71.21546, 32.12264, '', 1, 1503581281, 1503581281),
(127, 33, 'Test Event', 2147483647, 2147483647, 2147483647, 2147483647, 'testing', 'test loaction', 71.21546, 32.12264, '', 1, 1503581798, 1503581798),
(149, 33, 'Test Event', 2147483647, 2147483647, 2147483647, 2147483647, 'testing', 'test loaction', 71.21546, 32.12264, '', 1, 1503585774, 1503585774),
(153, 33, 'Test Event', 2147483647, 2147483647, 2147483647, 2147483647, 'testing', 'test loaction', 71.21546, 32.12264, 'efa40a7735064892659ee4d3df135fae47c2c855.jpg', 1, 1503585989, 1503585989),
(155, 33, 'Test Event', 2147483647, 2147483647, 2147483647, 2147483647, 'testing', 'test loaction', 71.21546, 32.12264, '581d55752c1c9142a7fe3c556092ab082e1887b4.jpg', 1, 1503588655, 1503588655),
(156, 33, 'Test Event', 2147483647, 2147483647, 2147483647, 2147483647, 'testing', 'test loaction', 71.21546, 32.12264, '3b5543a5e1620564c47fe6d563b9caa30652a83e.jpg', 1, 1503588676, 1503588676),
(157, 33, 'Test Event', 2147483647, 2147483647, 2147483647, 2147483647, 'testing', 'test loaction', 71.21546, 32.12264, '3c8964ef172ffe601156b2be080138dcbad369f3.jpg', 1, 1503588832, 1503588832),
(158, 33, 'Test Event', 2147483647, 2147483647, 2147483647, 2147483647, 'testing', 'test loaction', 71.21546, 32.12264, 'e090a9b91b520112bbe3144de808e13c76a89f63.jpg', 1, 1503588856, 1503588856),
(159, 33, 'Test Event', 2147483647, 2147483647, 2147483647, 2147483647, 'testing', 'test loaction', 71.21546, 32.12264, 'a049a1441d8d6c47d2f05dfb06d271b399acbdf5.jpg', 1, 1503588885, 1503588885),
(165, 124, 'Test Event', 2147483647, 2147483647, 2147483647, 2147483647, 'testing', 'test loaction', 71.21546, 32.12264, '4f6533f05b1798e933801565df13432eca2dd1d8.jpg', 1, 1503590681, 1503590681),
(167, 124, 'Test Event', 2147483647, 2147483647, 2147483647, 2147483647, 'testing', 'test loaction', 71.21546, 32.12264, '552edefa2b79870c8730740ca67a1f03dd2f1338.jpg', 1, 1503590884, 1503590884),
(168, 124, 'Test Event', 2147483647, 2147483647, 2147483647, 2147483647, 'testing', 'test loaction', 71.21546, 32.12264, '74a307a2073ad8b528fda15383df012ed5a7ae22.jpg', 1, 1503590968, 1503590968),
(169, 124, 'Test Event', 2147483647, 2147483647, 2147483647, 2147483647, 'testing', 'test loaction', 71.21546, 32.12264, 'c9229a960bb112f37b73b10be048257c1bd4e3db.jpg', 1, 1503590995, 1503590995),
(170, 124, 'Test Event', 2147483647, 2147483647, 2147483647, 2147483647, 'testing', 'test loaction', 71.21546, 32.12264, 'b07011c53c525216058e2fcd1588f4507af1a8f6.jpg', 1, 1503591058, 1503591058),
(171, 124, 'Test Event', 2147483647, 2147483647, 2147483647, 2147483647, 'testing', 'test loaction', 71.21546, 32.12264, '61446d4c986d2896869ba15d048156668caab86d.jpg', 1, 1503591102, 1503591102),
(172, 86, 'Test Event', 2147468400, 2147468400, 1503800040, 1503800040, 'testing', 'test loaction', 71.21546, 32.12264, '1503830020.png', 1, 1503821458, 1503830020),
(173, 86, 'Test Event', 2147468400, 2147468400, 1503800040, 1503800040, 'testing', 'test loaction', 71.21546, 32.12264, '1503829982.png', 1, 1503821581, 1503829982),
(174, 86, 'Test Event', 2147468400, 2147468400, 1503800040, 1503800040, 'testing', 'test loaction', 71.21546, 32.12264, '1503829963.png', 1, 1503821690, 1503829963),
(175, 86, 'Test Event', 2147468400, 2147468400, 1503800040, 1503800040, 'testing', 'test loaction', 71.21546, 32.12264, '1503829937.png', 1, 1503821719, 1503829937),
(176, 86, 'Test Event', 2147468400, 2147468400, 1503800040, 1503800040, 'testing', 'test loaction', 71.21546, 32.12264, '1503829904.png', 1, 1503821762, 1503829904),
(177, 86, 'Test Event', 2147468400, 2147468400, 1503800040, 1503800040, 'testing', 'test loaction', 71.21546, 32.12264, '1503829652.png', 1, 1503821777, 1503829652),
(178, 86, 'first', 1504130400, 1504130400, 1503792600, 1503792600, 'test event', '', 0, 0, '1503829511.png', 1, 1503829511, 1503829511),
(179, 86, 'events 7', 1503871200, 1504130400, 1503828900, 1503829200, 'qqq', 'Mohali, Punjab, India', 30.7046486, 76.71787259999996, '1503832104.png', 1, 1503832104, 1503832123);

-- --------------------------------------------------------

--
-- Table structure for table `event_categories`
--

CREATE TABLE IF NOT EXISTS `event_categories` (
`id` int(11) NOT NULL,
  `event_id` int(11) NOT NULL,
  `category_id` int(11) NOT NULL,
  `status` int(2) NOT NULL DEFAULT '1',
  `created` int(11) NOT NULL,
  `modified` int(11) NOT NULL
) ENGINE=InnoDB  DEFAULT CHARSET=latin1 AUTO_INCREMENT=271 ;

--
-- Dumping data for table `event_categories`
--

INSERT INTO `event_categories` (`id`, `event_id`, `category_id`, `status`, `created`, `modified`) VALUES
(1, 1, 3, 1, 1502371718, 1502371718),
(2, 2, 6, 1, 1502371718, 1502371718),
(3, 2, 3, 1, 1502371718, 1502371718),
(4, 28, 4, 1, 1502534520, 1502534520),
(5, 28, 7, 1, 1502534520, 1502534520),
(6, 29, 3, 1, 1502534565, 1502534565),
(7, 29, 6, 1, 1502534565, 1502534565),
(8, 29, 7, 1, 1502534565, 1502534565),
(9, 30, 4, 1, 1502534644, 1502534644),
(10, 30, 6, 1, 1502534645, 1502534645),
(11, 31, 4, 1, 1502535142, 1502535142),
(12, 31, 6, 1, 1502535142, 1502535142),
(13, 34, 5, 1, 1502708946, 1502708946),
(14, 34, 6, 1, 1502708946, 1502708946),
(15, 35, 5, 1, 1502708976, 1502708976),
(16, 35, 6, 1, 1502708976, 1502708976),
(17, 36, 5, 1, 1502709056, 1502709056),
(18, 36, 6, 1, 1502709056, 1502709056),
(19, 37, 5, 1, 1502709085, 1502709085),
(20, 37, 6, 1, 1502709085, 1502709085),
(21, 38, 5, 1, 1502709222, 1502709222),
(22, 38, 6, 1, 1502709222, 1502709222),
(23, 39, 5, 1, 1502709238, 1502709238),
(24, 39, 6, 1, 1502709238, 1502709238),
(25, 40, 5, 1, 1502709298, 1502709298),
(26, 40, 6, 1, 1502709298, 1502709298),
(27, 41, 5, 1, 1502709309, 1502709309),
(28, 41, 6, 1, 1502709309, 1502709309),
(29, 42, 5, 1, 1502709394, 1502709394),
(30, 42, 6, 1, 1502709394, 1502709394),
(31, 43, 5, 1, 1502709408, 1502709408),
(32, 43, 6, 1, 1502709409, 1502709409),
(33, 44, 5, 1, 1502709859, 1502709859),
(34, 44, 6, 1, 1502709859, 1502709859),
(35, 45, 5, 1, 1502710022, 1502710022),
(36, 45, 6, 1, 1502710023, 1502710023),
(37, 46, 5, 1, 1502710038, 1502710038),
(38, 46, 6, 1, 1502710038, 1502710038),
(39, 47, 5, 1, 1502710397, 1502710397),
(40, 47, 6, 1, 1502710397, 1502710397),
(41, 48, 5, 1, 1502710411, 1502710411),
(42, 48, 6, 1, 1502710411, 1502710411),
(43, 49, 5, 1, 1502710485, 1502710485),
(44, 49, 6, 1, 1502710485, 1502710485),
(45, 50, 5, 1, 1502710501, 1502710501),
(46, 50, 6, 1, 1502710501, 1502710501),
(47, 51, 5, 1, 1502711201, 1502711201),
(48, 51, 6, 1, 1502711201, 1502711201),
(49, 52, 5, 1, 1502711245, 1502711245),
(50, 52, 6, 1, 1502711245, 1502711245),
(51, 53, 5, 1, 1502711394, 1502711394),
(52, 53, 6, 1, 1502711394, 1502711394),
(53, 54, 5, 1, 1502711432, 1502711432),
(54, 54, 6, 1, 1502711432, 1502711432),
(55, 55, 5, 1, 1502711467, 1502711467),
(56, 55, 6, 1, 1502711467, 1502711467),
(57, 56, 5, 1, 1502711894, 1502711894),
(58, 56, 6, 1, 1502711894, 1502711894),
(59, 57, 4, 1, 1502711962, 1502711962),
(60, 57, 7, 1, 1502711962, 1502711962),
(61, 58, 5, 1, 1502712402, 1502712402),
(62, 58, 6, 1, 1502712402, 1502712402),
(63, 59, 5, 1, 1502712423, 1502712423),
(64, 59, 6, 1, 1502712423, 1502712423),
(65, 60, 5, 1, 1502713222, 1502713222),
(66, 60, 7, 1, 1502713222, 1502713222),
(67, 61, 5, 1, 1502714238, 1502714238),
(68, 61, 7, 1, 1502714238, 1502714238),
(69, 62, 6, 1, 1502721705, 1502721705),
(70, 62, 7, 1, 1502721705, 1502721705),
(71, 63, 3, 1, 1502721846, 1502721846),
(72, 63, 5, 1, 1502721846, 1502721846),
(73, 64, 3, 1, 1502721956, 1502721956),
(74, 64, 5, 1, 1502721956, 1502721956),
(75, 65, 3, 1, 1502721984, 1502721984),
(76, 65, 5, 1, 1502721984, 1502721984),
(77, 66, 3, 1, 1502722000, 1502722000),
(78, 66, 5, 1, 1502722000, 1502722000),
(79, 67, 3, 1, 1502722449, 1502722449),
(80, 67, 5, 1, 1502722449, 1502722449),
(81, 68, 3, 1, 1502722679, 1502722679),
(82, 68, 5, 1, 1502722679, 1502722679),
(83, 69, 4, 1, 1502723185, 1502723185),
(84, 69, 5, 1, 1502723185, 1502723185),
(87, 71, 4, 1, 1502723374, 1502723374),
(88, 71, 5, 1, 1502723374, 1502723374),
(89, 71, 6, 1, 1502723374, 1502723374),
(90, 71, 12, 1, 1502723374, 1502723374),
(91, 72, 4, 1, 1502723479, 1502723479),
(92, 73, 4, 1, 1502723646, 1502723646),
(97, 76, 5, 1, 1502724422, 1502724422),
(98, 76, 6, 1, 1502724422, 1502724422),
(99, 77, 5, 1, 1502865444, 1502865444),
(100, 77, 6, 1, 1502865444, 1502865444),
(101, 78, 3, 1, 1502868161, 1502868161),
(102, 78, 4, 1, 1502868161, 1502868161),
(103, 85, 3, 1, 1502882237, 1502882237),
(104, 85, 5, 1, 1502882237, 1502882237),
(105, 86, 4, 1, 1502882311, 1502882311),
(106, 86, 5, 1, 1502882311, 1502882311),
(107, 87, 4, 1, 1502950387, 1502950387),
(108, 87, 6, 1, 1502950387, 1502950387),
(109, 88, 3, 1, 1502950879, 1502950879),
(110, 88, 6, 1, 1502950879, 1502950879),
(111, 1, 3, 1, 1502967763, 1502967763),
(112, 1, 7, 1, 1502967763, 1502967763),
(114, 1, 7, 1, 1502967789, 1502967789),
(116, 1, 7, 1, 1502967879, 1502967879),
(117, 91, 12, 1, 1503036902, 1503036902),
(118, 92, 15, 1, 1503041077, 1503041077),
(119, 93, 3, 1, 1503063153, 1503063153),
(122, 1, 7, 1, 1503064451, 1503064451),
(123, 95, 16, 1, 1503064514, 1503064514),
(125, 97, 4, 1, 1503065161, 1503065161),
(128, 1, 7, 1, 1503065415, 1503065415),
(131, 97, 4, 1, 1503065707, 1503065707),
(133, 1, 7, 1, 1503065729, 1503065729),
(135, 1, 7, 1, 1503065760, 1503065760),
(137, 1, 7, 1, 1503065852, 1503065852),
(139, 1, 7, 1, 1503065981, 1503065981),
(140, 97, 4, 1, 1503065997, 1503065997),
(143, 1, 7, 1, 1503066331, 1503066331),
(145, 1, 7, 1, 1503066362, 1503066362),
(146, 93, 3, 1, 1503068162, 1503068162),
(147, 91, 12, 1, 1503068319, 1503068319),
(148, 93, 3, 1, 1503068364, 1503068364),
(149, 93, 3, 1, 1503068385, 1503068385),
(150, 93, 3, 1, 1503068414, 1503068414),
(151, 93, 3, 1, 1503068820, 1503068820),
(152, 93, 3, 1, 1503068981, 1503068981),
(153, 93, 3, 1, 1503069055, 1503069055),
(154, 93, 3, 1, 1503069190, 1503069190),
(155, 98, 4, 1, 1503396029, 1503396029),
(156, 99, 4, 1, 1503399539, 1503399539),
(158, 101, 4, 1, 1503399820, 1503399820),
(159, 102, 6, 1, 1503400284, 1503400284),
(160, 103, 3, 1, 1503403669, 1503403669),
(161, 104, 4, 1, 1503405778, 1503405778),
(164, 111, 3, 1, 1503407599, 1503407599),
(165, 111, 5, 1, 1503407599, 1503407599),
(166, 112, 5, 1, 1503407644, 1503407644),
(167, 115, 6, 1, 1503407846, 1503407846),
(168, 115, 6, 1, 1503408735, 1503408735),
(169, 115, 6, 1, 1503408869, 1503408869),
(170, 115, 6, 1, 1503408910, 1503408910),
(171, 115, 6, 1, 1503408933, 1503408933),
(172, 117, 7, 1, 1503559791, 1503559791),
(173, 117, 7, 1, 1503559806, 1503559806),
(174, 119, 1, 1, 1503576641, 1503576641),
(175, 119, 2, 1, 1503576641, 1503576641),
(176, 119, 3, 1, 1503576641, 1503576641),
(177, 120, 1, 1, 1503581282, 1503581282),
(178, 120, 2, 1, 1503581282, 1503581282),
(179, 120, 3, 1, 1503581282, 1503581282),
(180, 127, 1, 1, 1503581798, 1503581798),
(181, 127, 2, 1, 1503581798, 1503581798),
(182, 127, 3, 1, 1503581798, 1503581798),
(183, 149, 1, 1, 1503585774, 1503585774),
(184, 149, 2, 1, 1503585774, 1503585774),
(185, 149, 3, 1, 1503585774, 1503585774),
(186, 153, 1, 1, 1503585989, 1503585989),
(187, 153, 2, 1, 1503585989, 1503585989),
(188, 153, 3, 1, 1503585989, 1503585989),
(192, 155, 1, 1, 1503588655, 1503588655),
(193, 155, 2, 1, 1503588655, 1503588655),
(194, 155, 3, 1, 1503588655, 1503588655),
(195, 156, 1, 1, 1503588676, 1503588676),
(196, 156, 2, 1, 1503588676, 1503588676),
(197, 156, 3, 1, 1503588676, 1503588676),
(198, 157, 1, 1, 1503588832, 1503588832),
(199, 157, 2, 1, 1503588832, 1503588832),
(200, 157, 3, 1, 1503588832, 1503588832),
(201, 158, 1, 1, 1503588856, 1503588856),
(202, 158, 2, 1, 1503588856, 1503588856),
(203, 158, 3, 1, 1503588856, 1503588856),
(204, 159, 1, 1, 1503588886, 1503588886),
(205, 159, 2, 1, 1503588886, 1503588886),
(206, 159, 3, 1, 1503588886, 1503588886),
(222, 165, 1, 1, 1503590681, 1503590681),
(223, 165, 2, 1, 1503590681, 1503590681),
(224, 165, 3, 1, 1503590681, 1503590681),
(228, 167, 1, 1, 1503590884, 1503590884),
(229, 167, 2, 1, 1503590884, 1503590884),
(230, 167, 3, 1, 1503590884, 1503590884),
(231, 168, 1, 1, 1503590968, 1503590968),
(232, 168, 2, 1, 1503590968, 1503590968),
(233, 168, 3, 1, 1503590968, 1503590968),
(234, 169, 1, 1, 1503590995, 1503590995),
(235, 169, 2, 1, 1503590995, 1503590995),
(236, 169, 3, 1, 1503590995, 1503590995),
(237, 170, 1, 1, 1503591058, 1503591058),
(238, 170, 2, 1, 1503591058, 1503591058),
(239, 170, 3, 1, 1503591058, 1503591058),
(240, 171, 1, 1, 1503591102, 1503591102),
(241, 171, 2, 1, 1503591102, 1503591102),
(242, 171, 3, 1, 1503591102, 1503591102),
(243, 172, 1, 1, 1503821458, 1503821458),
(244, 172, 2, 1, 1503821458, 1503821458),
(245, 172, 3, 1, 1503821458, 1503821458),
(246, 173, 1, 1, 1503821581, 1503821581),
(247, 173, 2, 1, 1503821581, 1503821581),
(248, 173, 3, 1, 1503821581, 1503821581),
(249, 174, 1, 1, 1503821690, 1503821690),
(250, 174, 2, 1, 1503821690, 1503821690),
(251, 174, 3, 1, 1503821690, 1503821690),
(252, 175, 1, 1, 1503821719, 1503821719),
(253, 175, 2, 1, 1503821719, 1503821719),
(254, 175, 3, 1, 1503821719, 1503821719),
(255, 176, 1, 1, 1503821762, 1503821762),
(256, 176, 2, 1, 1503821762, 1503821762),
(257, 176, 3, 1, 1503821762, 1503821762),
(258, 177, 1, 1, 1503821777, 1503821777),
(259, 177, 2, 1, 1503821777, 1503821777),
(260, 177, 3, 1, 1503821777, 1503821777),
(261, 178, 3, 1, 1503829511, 1503829511),
(262, 178, 5, 1, 1503829511, 1503829511),
(263, 177, 3, 1, 1503829653, 1503829653),
(264, 176, 3, 1, 1503829905, 1503829905),
(265, 175, 3, 1, 1503829937, 1503829937),
(266, 174, 3, 1, 1503829963, 1503829963),
(267, 173, 3, 1, 1503829982, 1503829982),
(268, 172, 3, 1, 1503830020, 1503830020),
(269, 179, 7, 1, 1503832104, 1503832104),
(270, 179, 7, 1, 1503832123, 1503832123);

-- --------------------------------------------------------

--
-- Table structure for table `groups`
--

CREATE TABLE IF NOT EXISTS `groups` (
`id` int(11) NOT NULL,
  `name` varchar(200) NOT NULL,
  `status` int(11) NOT NULL
) ENGINE=InnoDB  DEFAULT CHARSET=latin1 AUTO_INCREMENT=4 ;

--
-- Dumping data for table `groups`
--

INSERT INTO `groups` (`id`, `name`, `status`) VALUES
(1, 'admin', 1),
(2, 'user', 1),
(3, 'event organizer', 1);

-- --------------------------------------------------------

--
-- Table structure for table `media`
--

CREATE TABLE IF NOT EXISTS `media` (
`id` int(11) NOT NULL,
  `event_id` int(11) NOT NULL,
  `image` varchar(255) NOT NULL,
  `status` int(2) NOT NULL,
  `created` int(11) NOT NULL,
  `modified` int(11) NOT NULL
) ENGINE=InnoDB  DEFAULT CHARSET=utf8 AUTO_INCREMENT=131 ;

--
-- Dumping data for table `media`
--

INSERT INTO `media` (`id`, `event_id`, `image`, `status`, `created`, `modified`) VALUES
(1, 85, 'd0a5a52c4c03264e006f4958291741d1f0c3ac2b.png', 1, 1502882237, 1502882237),
(2, 86, '49323a094100f0e1d881efea07ef09c85f392a46.png', 1, 1502882311, 1502882311),
(3, 86, '4485986fc9b4c9bb0536d298c287724e99fc9070.png', 1, 1502882311, 1502882311),
(4, 86, 'c3653b5b28bc7541cc9083a341e6bd9a2ad3a2c7.png', 1, 1502882311, 1502882311),
(12, 1, '0b418f63b10c4d267a4781bbcd02be4487f5660f.png', 1, 1502973375, 1502973375),
(13, 1, '69bede0d3d7b93b563b5f6a32359d97dd33c9363.png', 1, 1502973422, 1502973422),
(14, 1, 'ef31b5aeed552c2fdf045f58c88604f3ccab9a4b.png', 1, 1502977685, 1502977685),
(15, 1, 'ef96cc57c1faf3d81f7710351d76294a8e22efe3.jpg', 1, 1502977950, 1502977950),
(16, 1, '314dca8a3fcf99d4c472729f8b11dbdf30e8d40f.png', 1, 1503033684, 1503033684),
(17, 1, '4b71bcdee0ee7f2f0fe817cee4b30ac1b99a60e9.png', 1, 1503033860, 1503033860),
(18, 1, '11f0040f743955a21b7604d4b8461894b0f3db4c.png', 1, 1503034017, 1503034017),
(19, 1, 'd28afa11baa65b8b719160d865e00ca7485b4209.png', 1, 1503034209, 1503034209),
(20, 1, 'a10a03958d762a24803e4a6039e44e86ec09bd95.png', 1, 1503034293, 1503034293),
(22, 2, '417a0df80bbeca6c4e3373d31da7463e85794438.png', 1, 1503038145, 1503038145),
(23, 2, 'b172f19757daffa84a584ea320c73b1bdfdfaad3.png', 1, 1503038146, 1503038146),
(24, 1, '5bab9086d1cda3d0e34e7c65e22d2cf2cd7754d2.jpg', 1, 1503043079, 1503043079),
(27, 1, '0f902b6646702e8e3c4ef5f705a09f4cbe6ab588.png', 1, 1503048385, 1503048385),
(28, 1, 'c28c059c7c7e5cfe65043aa22bf374b0f232dd23.png', 1, 1503048429, 1503048429),
(29, 1, '1a8b4d259012498d1941e9903ac6ff9da97f1a28.png', 1, 1503049007, 1503049007),
(30, 1, '29485c3749bffd81ec4eb89740a729b340bd6b8b.jpg', 1, 1503049533, 1503049533),
(31, 1, 'e1e5243df75b8c68568d655a26c3847a404b0694.jpg', 1, 1503049576, 1503049576),
(32, 1, '3ceb22b8e0f8b0a3102ab1f92e5281b5573cc83f.jpg', 1, 1503049611, 1503049611),
(33, 1, '957e314cbbdfc309289ac747494ae935dba3751b.jpg', 1, 1503049701, 1503049701),
(34, 1, '4295d7a9d02f1e7b7229f4ab43c5537854d17548.jpg', 1, 1503049975, 1503049975),
(35, 1, 'c700bffcd807017f0b4c62760816de4b6ad5649a.jpg', 1, 1503050262, 1503050262),
(36, 1, '10c90bbc956f67699bafdd08826f06d31142cf72.jpg', 1, 1503050324, 1503050324),
(37, 1, 'cb99a72b47636f625603b3b138fb9844a562c507.jpg', 1, 1503050523, 1503050523),
(38, 1, 'e71d2cc9f1b000b0ef8d266e31293f0cb79892ce.png', 1, 1503050696, 1503050696),
(39, 1, 'd3bc0ffb635ccb9fdf5cf82d324320670aa08072.jpg', 1, 1503050717, 1503050717),
(40, 1, '3a2ec35c35376ef70e59293b97d8ec172baf949f.png', 1, 1503050719, 1503050719),
(41, 1, 'c3ece6785d3105a324cfaf0058fc4dae2280bc14.png', 1, 1503050720, 1503050720),
(42, 1, '7a40206fae6d93a0f0a2fa6a0383edcb40daeb4e.jpg', 1, 1503050774, 1503050774),
(43, 1, '3771277ca657fac7830ae3b47624f6659ac1a033.png', 1, 1503050777, 1503050777),
(44, 1, 'e4cc5e4919e80a5478afee9bd668355bc17d7a2d.png', 1, 1503050778, 1503050778),
(45, 1, 'cc4a636f6cbb3ecd0f7cc8a7ddd1b7c0a6c5adfa.png', 1, 1503051161, 1503051161),
(46, 1, '9b0f5fc327ef4b3743c9ba864b2ca94c0e59d874.jpg', 1, 1503051173, 1503051173),
(47, 1, '027fb0c96876f1e5f0b3aaf0eee88b3448da3776.jpg', 1, 1503051556, 1503051556),
(48, 1, 'd0f0976f6f1912a2f5680452003991002ae58929.png', 1, 1503051635, 1503051635),
(49, 1, 'b6c755096a5aac6bcbc95584d630f9930dc2ee99.jpg', 1, 1503051666, 1503051666),
(50, 1, '53add523764bd602cf0d3e540984408aba96711a.png', 1, 1503051759, 1503051759),
(51, 1, 'e080f46e2ebac3ab728bb1bae3d4e0e5e01ed5b1.png', 1, 1503051859, 1503051859),
(52, 1, '42c364ffb075f5bf156e85dc3c772e62bb38b284.png', 1, 1503051888, 1503051888),
(53, 1, '98111d572ab5de744d61facfc3e5a3c355f8ea6e.png', 1, 1503051926, 1503051926),
(54, 1, '64045890ac0d848e4fa745994b61d03c063a6d0d.jpg', 1, 1503051948, 1503051948),
(55, 1, 'b55e6d46dedde242009e684d36944f16e95f6965.png', 1, 1503051967, 1503051967),
(56, 1, 'fa7365ecd05405515c90f8649e4c5f2c4815084c.png', 1, 1503052223, 1503052223),
(57, 1, 'ab2cf36e2c1babc51dd0ad24550854ddf2d29c67.png', 1, 1503052238, 1503052238),
(58, 1, 'e6f7136c8aca576a4d87c7c226d673b27e4e4960.jpg', 1, 1503052258, 1503052258),
(59, 1, '84bac8ca3ad445ca64065193f17c2624e2084d89.jpg', 1, 1503052298, 1503052298),
(60, 1, '727765c4ff05800679cfbe43eb1d336f8a1a2e71.png', 1, 1503052329, 1503052329),
(61, 1, '48d14eeaa80a225269d09031f0c9e8fa5e9fe627.png', 1, 1503052420, 1503052420),
(62, 1, '4f948e344f2fee4b3a71f7711a23e7c7c6bf69ff.png', 1, 1503052460, 1503052460),
(63, 1, 'b4f3e2f9644a540556d1692536d84dffc98ab296.jpg', 1, 1503052565, 1503052565),
(64, 1, '0351bbfc0bef66f1941a4a48a885c1345efeeb69.png', 1, 1503052613, 1503052613),
(65, 1, 'fcca31e332a4fdeb7a5f06f89ec800b7c2cba524.jpg', 1, 1503052632, 1503052632),
(66, 1, '742920906454ff8e4bd03a7a34659eccbcc2dffb.png', 1, 1503052726, 1503052726),
(67, 1, 'b1a7710a74033b17aecbffb5f45f8e3af2fa5f33.png', 1, 1503052856, 1503052856),
(68, 1, '80ebcebcbff01a085003ce1620f819d123d6d0e9.jpg', 1, 1503053516, 1503053516),
(69, 1, '64167d48f62e4244de90c528cb73be891faf6518.jpg', 1, 1503053556, 1503053556),
(70, 1, '2dcc4f31bbf3d63f5a74a1f85508e0aa2bd722ae.png', 1, 1503053663, 1503053663),
(71, 1, 'c69454974a7af8df3a40e4a2f9369474e606c2b1.png', 1, 1503053746, 1503053746),
(72, 1, 'c3a2082cc28eb5a015218d40e49d6623a0cd8088.png', 1, 1503053830, 1503053830),
(73, 1, 'fdf593e6e9b398eb5f5fc94e5c1cf4785cd3156b.jpg', 1, 1503053885, 1503053885),
(74, 1, 'eeba781d3e66b28a445b2fba3b05f722f76b5193.png', 1, 1503053926, 1503053926),
(75, 1, '0633e0d21a706925886e78af2177de13a93015ee.png', 1, 1503054016, 1503054016),
(76, 1, '6a03f0b63a619cdcd2f952e59628b679b60775cc.jpg', 1, 1503054352, 1503054352),
(77, 149, '6f964ce19587037b7a60383203456a13a5f9e546.jpg', 1, 1503585774, 1503585774),
(78, 149, 'c3cdeff600165b1a5027a22dac2040d8aaa346be.jpg', 1, 1503585774, 1503585774),
(79, 153, '87d8ba37cec950d8f8b15147aa07bbfdce6f2ad3.jpg', 1, 1503585989, 1503585989),
(80, 153, '60f02a36a4902f77a604f7bdab8dead74fdcbcb3.jpg', 1, 1503585989, 1503585989),
(83, 155, '87b41406d61675bab133fb884aaa48ac9f35f10f.jpg', 1, 1503588655, 1503588655),
(84, 155, '254e235c68a2b6819669a1768867c111bd75ef34.jpg', 1, 1503588655, 1503588655),
(85, 156, '19da0fcd72a3555dae1b705f272653240d003681.jpg', 1, 1503588676, 1503588676),
(86, 156, 'b15ea440fcdad679f52de39e084c6b4a22743ab6.jpg', 1, 1503588676, 1503588676),
(87, 157, '8155f4cbc37c365295bc20d456e1193dd0ed9b7b.jpg', 1, 1503588832, 1503588832),
(88, 157, 'b947a6afa8b42be2fde0ef323852c0761b090fa9.jpg', 1, 1503588832, 1503588832),
(89, 158, '9837694d318c8971a74f25b0043fbb2c7a28cb5b.jpg', 1, 1503588856, 1503588856),
(90, 158, 'f74326c772f70d3f677a5757c4aad0825514c486.jpg', 1, 1503588856, 1503588856),
(91, 159, 'b4a834ce24ba39dfcde8f010f1781e29079849de.jpg', 1, 1503588886, 1503588886),
(92, 159, '69eca90f9986c7706e2fd414299818d0acb28fca.jpg', 1, 1503588886, 1503588886),
(103, 165, 'f71bc3ae9df74b798f9f639882211fdd660a761f.jpg', 1, 1503590681, 1503590681),
(104, 165, '2315aad81ae0af35b51eab08b36d3f03cc150ede.jpg', 1, 1503590681, 1503590681),
(107, 167, '163eb9d8a565fb349e5a3fcdfd72ffacf6d2ae4d.jpg', 1, 1503590884, 1503590884),
(108, 167, '0316d1c6b1fc3631f1d08711b0ea3ef27bb6df3f.jpg', 1, 1503590884, 1503590884),
(109, 168, 'ea5ce646d818f34393cf6dad924d7efbbda1ac50.jpg', 1, 1503590968, 1503590968),
(110, 168, '0d417ab1ac4bd3063a9e196bdf233c4617e951e9.jpg', 1, 1503590968, 1503590968),
(111, 169, '1ba068cdc5a0af34f76e1c7107dffe462a09bbb5.jpg', 1, 1503590995, 1503590995),
(112, 169, '5c5ca4c311fdf413c499a866f04bfed42cf052f3.jpg', 1, 1503590995, 1503590995),
(113, 170, 'c1c18738e250c85ba788b92e9dd74afdd8738eab.jpg', 1, 1503591058, 1503591058),
(114, 170, 'ac2b8ec55ae08c2eb6e6b5303c6a5ac7ea2b6be4.jpg', 1, 1503591058, 1503591058),
(115, 171, '144bfd141094af697ed2993e51e9d5125805f209.jpg', 1, 1503591102, 1503591102),
(116, 171, '073ca8e77ade686e3de3eab7d18a5e737efa2f79.jpg', 1, 1503591102, 1503591102),
(117, 172, '5fedc956e3277cff1ddabc484051f4ccaac52c62.jpg', 1, 1503821458, 1503821458),
(118, 172, 'a9c2278fe42c39e771a7c28e6eb6d54334af75dd.jpg', 1, 1503821458, 1503821458),
(119, 173, '8fd73fe244fcc35ceb8682d74a61b74e16748f40.jpg', 1, 1503821581, 1503821581),
(120, 173, 'd09879b1629156bf376331fe71ea67f56b5eb3a6.jpg', 1, 1503821581, 1503821581),
(121, 174, '8d53572348f287264633ae515e87b62946cf3a48.jpg', 1, 1503821690, 1503821690),
(122, 174, 'faa07b1cf3aedb839590b94518e34d333cf9231d.jpg', 1, 1503821690, 1503821690),
(123, 175, 'ec7e1daabdd7ffcf63b47a92dfa124c05d17ef33.jpg', 1, 1503821719, 1503821719),
(124, 175, 'adae18e85ed53c0ded6a19ebdead2b05bacc6f3b.jpg', 1, 1503821719, 1503821719),
(125, 176, '9b2669fb234ca41afdfb239d48bec442019e4e42.jpg', 1, 1503821762, 1503821762),
(126, 176, 'b92134290b0dd2de9f1a7cf263cbd6f53549e7a4.jpg', 1, 1503821762, 1503821762),
(127, 177, '0f0cbef0948a6436e9f58bdb62c1909d1bfe12b1.jpg', 1, 1503821777, 1503821777),
(128, 177, '94170112a44abbcd4ae6fc5428e0e522098205d8.jpg', 1, 1503821777, 1503821777),
(129, 178, '28b6f7fd9a1f76f342f987a016158ff6f2b1e7cc.jpg', 1, 1503829552, 1503829552),
(130, 99, '426f0af590d794c3664afeca1d0c86b210392ed9.png', 1, 1503832290, 1503832290);

-- --------------------------------------------------------

--
-- Table structure for table `messages`
--

CREATE TABLE IF NOT EXISTS `messages` (
`id` int(11) NOT NULL,
  `message` text NOT NULL,
  `user_id` int(11) NOT NULL,
  `user2id` int(11) NOT NULL,
  `is_read` int(1) NOT NULL,
  `status` int(2) NOT NULL,
  `created` int(11) NOT NULL,
  `modified` int(11) NOT NULL
) ENGINE=InnoDB DEFAULT CHARSET=utf8 AUTO_INCREMENT=1 ;

-- --------------------------------------------------------

--
-- Table structure for table `ticket_categories`
--

CREATE TABLE IF NOT EXISTS `ticket_categories` (
`id` int(11) NOT NULL,
  `event_id` int(11) NOT NULL,
  `name` varchar(255) NOT NULL,
  `number_of_tickets` int(11) NOT NULL,
  `price_per_person` float NOT NULL,
  `status` int(2) NOT NULL,
  `created` int(11) NOT NULL,
  `modified` int(11) NOT NULL
) ENGINE=InnoDB  DEFAULT CHARSET=latin1 AUTO_INCREMENT=63 ;

--
-- Dumping data for table `ticket_categories`
--

INSERT INTO `ticket_categories` (`id`, `event_id`, `name`, `number_of_tickets`, `price_per_person`, `status`, `created`, `modified`) VALUES
(5, 1, 'hfh', 23, 55, 1, 1502724422, 1502724422),
(6, 76, 'hfh', 25, 55, 1, 1502724422, 1502724422),
(7, 88, 'rvca', 12, 13, 1, 1502956601, 1502956601),
(8, 88, 'ravk', 21, 23, 1, 1502957273, 1502957273),
(9, 88, 'rs', 12, 38, 1, 1502957727, 1502957727),
(10, 88, 'sad', 465, 465, 1, 1502957783, 1502957783),
(11, 88, 'fdf', 12, 323, 1, 1502957931, 1502957931),
(12, 88, 'fdf', 12, 323, 1, 1502957945, 1502957945),
(13, 88, 'fdf', 12, 323, 1, 1502957958, 1502957958),
(14, 1, 'Silver', 100, 123, 1, 1502961181, 1502961181),
(15, 1, 'hfh', 23, 55, 1, 1502962209, 1502962209),
(16, 1, 'Silver', 100, 123, 1, 1502962209, 1502962209),
(17, 28, 'qwe', 12, 89, 1, 1503038009, 1503038009),
(18, 28, 'qwe', 12, 89, 1, 1503038037, 1503038037),
(19, 28, 'as', 111, 22, 1, 1503038038, 1503038038),
(20, 2, 'ssss', 12, 12, 1, 1503038106, 1503038106),
(21, 95, 'q', 0, 0, 1, 1503064759, 1503064759),
(22, 1, '2', 0, 5, 1, 1503559883, 1503559883),
(23, 1, '2cgfgh', 0, 5, 1, 1503559887, 1503559887),
(24, 1, '2cgfgh', 0, 5, 1, 1503559892, 1503559892),
(25, 1, '2cgfghffgre', 0, 5, 1, 1503559897, 1503559897),
(26, 1, '2cgfghffgre', 0, 5, 1, 1503559898, 1503559898),
(27, 167, 'a', 40, 10, 1, 1503590884, 1503590884),
(28, 167, 'b', 50, 20, 1, 1503590884, 1503590884),
(29, 167, 'c', 60, 30, 1, 1503590884, 1503590884),
(30, 168, 'a', 40, 10, 1, 1503590968, 1503590968),
(31, 168, 'b', 50, 20, 1, 1503590968, 1503590968),
(32, 168, 'c', 60, 30, 1, 1503590968, 1503590968),
(33, 169, 'a', 40, 10, 1, 1503590995, 1503590995),
(34, 169, 'b', 50, 20, 1, 1503590995, 1503590995),
(35, 169, 'c', 60, 30, 1, 1503590995, 1503590995),
(36, 170, 'a', 40, 10, 1, 1503591058, 1503591058),
(37, 170, 'b', 50, 20, 1, 1503591058, 1503591058),
(38, 170, 'c', 60, 30, 1, 1503591058, 1503591058),
(39, 171, 'a', 40, 10, 1, 1503591102, 1503591102),
(40, 171, 'b', 50, 20, 1, 1503591102, 1503591102),
(41, 171, 'c', 60, 30, 1, 1503591102, 1503591102),
(42, 172, 'a', 40, 10, 1, 1503821458, 1503821458),
(43, 172, 'b', 50, 20, 1, 1503821458, 1503821458),
(44, 172, 'c', 60, 30, 1, 1503821458, 1503821458),
(45, 173, 'a', 40, 10, 1, 1503821581, 1503821581),
(46, 173, 'b', 50, 20, 1, 1503821581, 1503821581),
(47, 173, 'c', 60, 30, 1, 1503821581, 1503821581),
(48, 174, 'a', 40, 10, 1, 1503821690, 1503821690),
(49, 174, 'b', 50, 20, 1, 1503821690, 1503821690),
(50, 174, 'c', 60, 30, 1, 1503821690, 1503821690),
(51, 175, 'a', 40, 10, 1, 1503821719, 1503821719),
(52, 175, 'b', 50, 20, 1, 1503821719, 1503821719),
(53, 175, 'c', 60, 30, 1, 1503821719, 1503821719),
(54, 176, 'a', 40, 10, 1, 1503821762, 1503821762),
(55, 176, 'b', 50, 20, 1, 1503821762, 1503821762),
(56, 176, 'c', 60, 30, 1, 1503821762, 1503821762),
(57, 177, 'a', 40, 10, 1, 1503821777, 1503821777),
(58, 177, 'b', 50, 20, 1, 1503821777, 1503821777),
(59, 177, 'c', 60, 30, 1, 1503821777, 1503821777),
(60, 178, 'SLIVER', 20, 12, 1, 1503829540, 1503829540),
(61, 99, 'qwerty', 15, 15, 1, 1503832213, 1503832213),
(62, 99, 'qwerty', 15, 15, 1, 1503832255, 1503832255);

-- --------------------------------------------------------

--
-- Table structure for table `transactions`
--

CREATE TABLE IF NOT EXISTS `transactions` (
`id` int(11) NOT NULL,
  `user_id` int(11) NOT NULL,
  `event_id` int(11) NOT NULL,
  `transactions_id` int(11) NOT NULL,
  `amount` float NOT NULL,
  `status` varchar(100) NOT NULL,
  `details` text NOT NULL,
  `created` int(11) NOT NULL,
  `modified` int(11) NOT NULL
) ENGINE=InnoDB  DEFAULT CHARSET=utf8 AUTO_INCREMENT=2 ;

--
-- Dumping data for table `transactions`
--

INSERT INTO `transactions` (`id`, `user_id`, `event_id`, `transactions_id`, `amount`, `status`, `details`, `created`, `modified`) VALUES
(1, 33, 1, 0, 110, 'succeeded', 'Stripe\\Charge JSON: {\n    "id": "ch_1AuQXtDGLWnQvwylaeoqKGaJ",\n    "object": "charge",\n    "amount": 110,\n    "amount_refunded": 0,\n    "application": null,\n    "application_fee": null,\n    "balance_transaction": "txn_1AuQXtDGLWnQvwylA399KDdb",\n    "captured": true,\n    "created": 1503601153,\n    "currency": "usd",\n    "customer": "cus_BGyUehX7drYlqt",\n    "description": null,\n    "destination": null,\n    "dispute": null,\n    "failure_code": null,\n    "failure_message": null,\n    "fraud_details": [],\n    "invoice": null,\n    "livemode": false,\n    "metadata": [],\n    "on_behalf_of": null,\n    "order": null,\n    "outcome": {\n        "network_status": "approved_by_network",\n        "reason": null,\n        "risk_level": "normal",\n        "seller_message": "Payment complete.",\n        "type": "authorized"\n    },\n    "paid": true,\n    "receipt_email": null,\n    "receipt_number": null,\n    "refunded": false,\n    "refunds": {\n        "object": "list",\n        "data": [],\n        "has_more": false,\n        "total_count": 0,\n        "url": "\\/v1\\/charges\\/ch_1AuQXtDGLWnQvwylaeoqKGaJ\\/refunds"\n    },\n    "review": null,\n    "shipping": null,\n    "source": {\n        "id": "card_1AuQXqDGLWnQvwylbTGYaxDc",\n        "object": "card",\n        "address_city": null,\n        "address_country": null,\n        "address_line1": null,\n        "address_line1_check": null,\n        "address_line2": null,\n        "address_state": null,\n        "address_zip": null,\n        "address_zip_check": null,\n        "brand": "Visa",\n        "country": "US",\n        "customer": "cus_BGyUehX7drYlqt",\n        "cvc_check": "pass",\n        "dynamic_last4": null,\n        "exp_month": 10,\n        "exp_year": 2031,\n        "fingerprint": "KOQwjRwNhz53PA6s",\n        "funding": "credit",\n        "last4": "4242",\n        "metadata": [],\n        "name": null,\n        "tokenization_method": null\n    },\n    "source_transfer": null,\n    "statement_descriptor": null,\n    "status": "succeeded",\n    "transfer_group": null\n}', 1503601231, 1503601231);

-- --------------------------------------------------------

--
-- Table structure for table `users`
--

CREATE TABLE IF NOT EXISTS `users` (
`id` int(11) NOT NULL,
  `first_name` varchar(255) NOT NULL DEFAULT ' ',
  `last_name` varchar(200) CHARACTER SET latin1 NOT NULL,
  `dob` int(11) NOT NULL,
  `mobile` varchar(30) NOT NULL DEFAULT '',
  `email` varchar(255) NOT NULL,
  `password` varchar(200) CHARACTER SET latin1 NOT NULL,
  `gender` enum('male','female') CHARACTER SET latin1 NOT NULL,
  `city` varchar(200) CHARACTER SET latin1 NOT NULL,
  `country` varchar(100) CHARACTER SET latin1 NOT NULL,
  `type` int(2) NOT NULL COMMENT '1 => user, 2 => Event_organizer',
  `photo` varchar(64) NOT NULL,
  `group_id` int(11) NOT NULL,
  `get_alerts` int(2) NOT NULL DEFAULT '1',
  `email_verified` int(11) NOT NULL,
  `phone_verified` int(11) NOT NULL,
  `device_type` int(11) NOT NULL,
  `device_token` varchar(255) CHARACTER SET latin1 NOT NULL,
  `authorization_key` varchar(255) CHARACTER SET latin1 NOT NULL,
  `unique_id` varchar(255) CHARACTER SET latin1 NOT NULL,
  `otp` int(11) NOT NULL,
  `password_reset_token` varchar(100) CHARACTER SET latin1 NOT NULL,
  `id_facebook` int(11) NOT NULL,
  `token_facebook` varchar(255) CHARACTER SET latin1 NOT NULL,
  `status_facebook` int(2) NOT NULL,
  `photo_facebook` varchar(255) CHARACTER SET latin1 NOT NULL,
  `id_instagram` int(11) NOT NULL,
  `token_instagram` varchar(255) CHARACTER SET latin1 NOT NULL,
  `status_instagram` int(2) NOT NULL,
  `photo_instagram` int(255) NOT NULL,
  `nationality` varchar(255) CHARACTER SET latin1 NOT NULL,
  `id_twitter` int(11) NOT NULL,
  `token_twitter` varchar(255) CHARACTER SET latin1 NOT NULL,
  `status_twitter` int(2) NOT NULL,
  `photo_twitter` varchar(255) CHARACTER SET latin1 NOT NULL,
  `status` int(11) NOT NULL,
  `created` int(11) NOT NULL,
  `modified` int(11) NOT NULL
) ENGINE=InnoDB  DEFAULT CHARSET=utf8 AUTO_INCREMENT=128 ;

--
-- Dumping data for table `users`
--

INSERT INTO `users` (`id`, `first_name`, `last_name`, `dob`, `mobile`, `email`, `password`, `gender`, `city`, `country`, `type`, `photo`, `group_id`, `get_alerts`, `email_verified`, `phone_verified`, `device_type`, `device_token`, `authorization_key`, `unique_id`, `otp`, `password_reset_token`, `id_facebook`, `token_facebook`, `status_facebook`, `photo_facebook`, `id_instagram`, `token_instagram`, `status_instagram`, `photo_instagram`, `nationality`, `id_twitter`, `token_twitter`, `status_twitter`, `photo_twitter`, `status`, `created`, `modified`) VALUES
(33, 'test', 'abc', 0, '+9888598885', 'test5@gmail.com', '40bd001563085fc35165329ea1ff5c5ecbdbbeef', 'male', '', '', 0, '', 2, 1, 0, 0, 1, '', '', '16b06bd9b738835e2d134fe8d596e9ab0086a985', 1111, '', 0, '', 0, '', 0, '', 0, 0, '', 0, '', 0, '', 1, 1502878718, 1502878718),
(40, 'ravi', 'kumar', 0, '9468054742', 'test978056@gmail.com', '7c4a8d09ca3762af61e59520943dc26494f8941b', 'female', 'test', 'test', 0, '', 1, 1, 0, 0, 0, '', '', '', 0, '', 0, '', 0, '', 0, '', 0, 0, '', 0, '', 0, '', 1, 1502446317, 1502446317),
(41, 'Varun', 'Cqlsys', 0, '', 'varun@cqlsys.co.uk', '123456', 'male', 'abc', 'cba', 0, '', 2, 1, 0, 0, 0, '', '', '', 0, '', 0, '', 0, '', 0, '', 0, 0, 'admin@admin.com', 0, '', 0, '', 1, 1502519980, 1503062592),
(86, 'vinay', 'piplani', 0, '+917503067780', 'vinaypiplani1@gmail.com', '7110eda4d09e062aa5e4a390b0a572ac0d2c0220', 'male', '', '', 1, '', 3, 1, 0, 0, 1, '', 'a6a2dcc0072334aeb8fe4ec4f0a22e3d634ff19a', '3c26dffc8a2e8804dfe2c8a1195cfaa5ef6d0014', 0, '', 0, '', 0, '', 0, '', 0, 0, '', 0, '', 0, '', 1, 1502875582, 1502875582),
(90, 'Amit', 'Dang19', 1503340200, '+919780601819', 'amit.dang77@gmail.com', '7c4a8d09ca3762af61e59520943dc26494f8941b', 'male', '', '', 1, '64677e8a312a0688c26ab3ad23c5220903946422.jpg', 2, 1, 0, 0, 0, '', '', '2d0c8af807ef45ac17cafb2973d866ba8f38caa9', 0, '', 0, '', 0, '', 0, '', 0, 0, '', 0, '', 0, '', 1, 1502890185, 1502890185),
(93, 'ravi', 'kumar', 0, '919468054742', 'test978056@gmail.com', '7c4a8d09ca3762af61e59520943dc26494f8941b', 'male', 'sirsa', 'india', 0, '', 3, 1, 0, 0, 0, '', '', '', 0, '', 0, '', 0, '', 0, '', 0, 0, 'indian', 0, '', 0, '', 1, 1503040246, 1503040246),
(97, '', '', 0, '', 'jd3.cqlsys@gmail.com', '7110eda4d09e062aa5e4a390b0a572ac0d2c0220', 'male', '', '', 1, '', 2, 1, 0, 0, 0, '', '24811b8ec6e37ed751db751f6485c14a304b6653', '', 0, '', 0, '', 0, '', 0, '', 0, 0, '', 0, '', 0, '', 0, 1503048360, 1503048360),
(98, 'vinu', 'cqlsys', 0, '+919914770659', 'vinay.cqlsys@gmail.com', '40bd001563085fc35165329ea1ff5c5ecbdbbeef', 'male', '', '', 1, '', 2, 1, 0, 0, 1, '123456789', 'a22f70c9543563bf61b2216b0331b4060565fb62', '31bd9b9f5f7b338e41b56183a2f3008b541d7c84', 0, '', 0, '', 0, '', 0, '', 0, 0, '', 0, '', 0, '', 1, 1503051619, 1503051619),
(99, 'Varun', 'Garg', 528156000, '+919354760798', 'varun27986@gmail.com', 'b1b3773a05c0ed0176787a4f1574ff0075f7521e', 'male', '', '', 2, '', 2, 1, 0, 0, 0, 'cZtUhRdU_Wk:APA91bGNdaIp0IK4BhYvwRwq0geI3iiXFWlTLZpa3mSc0ECcx-AFM8pXY-Ge3MctkZHp96k4wszVg71vPy7KgvC0MsVpG1PD1Z8mJFcgl9OTJRyxn-WfnK9vgVicOB9m_narcT-r5Vt1', '5646f257479fb1bc41a4d33d020420af542be76b', '9a79be611e0267e1d943da0737c6c51be67865a0', 0, 'ed4abe26b26df52133273c328dc1885950bc5291', 0, '', 0, '', 0, '', 0, 0, '', 0, '', 0, '', 1, 1503059764, 1503059764),
(102, 'Jaspreet', 'Kaur', 0, '+917889090728', 'jaspreet@cqlsys.co.uk', '8cb2237d0679ca88db6464eac60da96345513964', 'male', '', '', 1, '', 2, 1, 0, 0, 1, '123456789', 'd2a460ee00d1afa86cd4850a2c5793c4ecef44cb', 'c8306ae139ac98f432932286151dc0ec55580eca', 1111, '', 0, '', 0, '', 0, '', 0, 0, '', 0, '', 0, '', 0, 1503061875, 1503061875),
(103, 'jas', 'Kaur', 0, '+917889090723', 'jaspreet981994@gmail.con', '8cb2237d0679ca88db6464eac60da96345513964', 'male', '', '', 1, '', 2, 1, 0, 0, 1, '123456789', '648ab74cb200acb59ff6e632aefd4bffa054cf21', '934385f53d1bd0c1b8493e44d0dfd4c8e88a04bb', 0, '', 0, '', 0, '', 0, '', 0, 0, '', 0, '', 0, '', 1, 1503062021, 1503062021),
(106, 'keshav', 'Kumar', 0, '+919803356120', 'keshav@cqlsys.co.uk', 'b1b3773a05c0ed0176787a4f1574ff0075f7521e', 'male', '', '', 1, '', 0, 1, 0, 0, 1, '123456789', '97b19b90eba7542c1111f16491df962f75cc96e0', '7224f997fc148baa0b7f81c1eda6fcc3fd003db0', 1111, '', 0, '', 0, '', 0, '', 0, 0, '', 0, '', 0, '', 1, 1503467798, 1503467798),
(107, 'hshs', 'hshs', 0, '+21375456', 'hshs@ga.com', 'b88968dc60b003b9c188cc503a457101b4087109', 'male', '', '', 1, '', 0, 1, 0, 0, 1, '123456789', 'f32529c0a1f89b383f8924cb5b067358c021d8a1', '524e05dc77239f3a15dab766aaa59a9e432efde7', 1111, '', 0, '', 0, '', 0, '', 0, 0, '', 0, '', 0, '', 0, 1503471440, 1503471440),
(108, 'abc', 'abc', 0, '+91947892400', 'anc@gmail.com', 'b1b3773a05c0ed0176787a4f1574ff0075f7521e', 'male', '', '', 1, '', 0, 1, 0, 0, 1, '123456789', '74db3f81a119f348132c85e7e209c49b8e23f296', '17503a6b2326f09fbc4e3a7c03874c7333002038', 0, '', 0, '', 0, '', 0, '', 0, 0, '', 0, '', 0, '', 1, 1503472466, 1503472466),
(109, 'f name', 'l name', 1234567890, '', 'ghh@wfvhh.con', 'b1b3773a05c0ed0176787a4f1574ff0075f7521e', 'male', '', '', 1, 'fa7f6229c3963b22a645a4fc5648dd4edbf6e0a7.jpg', 0, 1, 0, 0, 1, '123456789', '64d2171c4434230edb5a8b63b3720ec5df9c9d4b', '', 0, '', 0, '', 0, '', 0, '', 0, 0, '', 0, '', 0, '', 0, 1503472483, 1503472483),
(110, 'Krish', 'lunar', 0, '+919646408838', 'iosbtechhonsmba6@gmail.com', 'c81a7473080f74e6f2c6a0cb743e7a2e92c337b9', 'male', '', '', 1, '', 0, 1, 0, 0, 1, '', 'b13590c5eb2af6a54a60a0686a6ca04d39257165', '5e796e48332af4142b10ca0f86e65d9bfdb05884', 0, '', 0, '', 0, '', 0, '', 0, 0, '', 0, '', 0, '', 1, 1503473713, 1503473713),
(111, 'Vinu ', 'Cqlsys ', 0, '', 'vinay@cqlsys.co.uk', '7110eda4d09e062aa5e4a390b0a572ac0d2c0220', 'male', '', '', 2, '', 0, 1, 0, 0, 1, '', '', '', 0, '', 0, '', 0, '', 0, '', 0, 0, '', 0, '', 0, '', 1, 1503487244, 1503487244),
(112, '', '', 0, '', '', '', 'male', '', '', 0, '', 0, 1, 0, 0, 0, '', '2dfc67a1ea332104246452bed28bff66fdb01c96', '70ba673c6dbf8cfc8f1e5a00587367a6b51b859a', 0, '', 0, '', 0, '', 0, '', 0, 0, '', 0, '', 0, '', 1, 1503488221, 1503488221),
(113, '', '', 0, '', '', '', 'male', '', '', 0, '', 0, 1, 0, 0, 0, '', '631ba83475b176ab1e2ee9d6e69909712aa55700', '4837422fb54975199c46434bb1d7b3dc81b163d3', 0, '', 0, '', 0, '', 0, '', 0, 0, '', 0, '', 0, '', 1, 1503488708, 1503488708),
(114, '', '', 0, '', '', '', 'male', '', '', 0, '', 0, 1, 0, 0, 0, '', '4704145640267b9df48cc5f638f457af5e615aa8', '7fd87afed493f10ff3b39c95310f301e00aabbf4', 0, '', 0, '', 0, '', 0, '', 0, 0, '', 0, '', 0, '', 1, 1503489357, 1503489357),
(115, '', '', 0, '', '', '', 'male', '', '', 0, '', 0, 1, 0, 0, 0, '', 'a75a3c8ca334bc9f9e41f4dc96fdc0d335e423a7', '4b8c8b13c7791e222704c76073811ec15d08cd74', 0, '', 0, '', 0, '', 0, '', 0, 0, '', 0, '', 0, '', 1, 1503489390, 1503489390),
(116, '', '', 0, '', '', '', 'male', '', '', 0, '', 0, 1, 0, 0, 0, '', 'bf20ce5ecb2622e4cea8ff59cc2d210a63bd655d', '073938e2c8b6815386dad38af635a26c378b067e', 0, '', 0, '', 0, '', 0, '', 0, 0, '', 0, '', 0, '', 1, 1503489397, 1503489397),
(117, '', '', 0, '', '', '', 'male', '', '', 0, '', 0, 1, 0, 0, 0, '', '41099f7bc45bf47e0368f34bbed1aa782ac21de8', 'fe5c0341c66f2da18cb9983f164a692725acfac6', 0, '', 0, '', 0, '', 0, '', 0, 0, '', 0, '', 0, '', 1, 1503489402, 1503489402),
(118, '', '', 0, '', '', '', 'male', '', '', 0, '', 0, 1, 0, 0, 0, '', '1b8439c8e2ca78a5a6332f20458371084a1f9145', '906c1dcf76ba78b24499070213b3d2e5e093a0ac', 0, '', 123456, '', 0, '', 0, '', 0, 0, '', 0, '', 0, '', 1, 1503489465, 1503489465),
(119, '', '', 0, '', '', '', 'male', '', '', 0, '', 0, 1, 0, 0, 0, '', '7b7ad0f3f3e4de83106286aa99763991449e62c8', '3f52746246f1c2b8a0d3b91abb366e9ac8ee5c7f', 0, '', 1234567, '', 0, '', 0, '', 0, 0, '', 0, '', 0, '', 1, 1503489547, 1503489547),
(120, '', '', 0, '', '', '', 'male', '', '', 0, '', 0, 1, 0, 0, 0, '', 'eb40f42b5f2b65cd66a30db7c10b21ba87a50a68', 'f5c394c70ba6c26f1bdf565ebd3216f0e31c1b41', 0, '', 0, '', 0, '', 1234567, '', 0, 0, '', 0, '', 0, '', 1, 1503489746, 1503489746),
(121, '', '', 0, '', '', '', 'male', '', '', 0, '', 0, 1, 0, 0, 0, '', 'bdf499cfbfda90e4943ff3b2e813463c03052af7', 'fbeb5dc4249576045a3d5251711f7778842b3bd1', 0, '', 0, '', 0, '', 987654, '', 0, 0, '', 0, '', 0, '', 1, 1503489762, 1503489762),
(122, '', '', 0, '', '', '', 'male', '', '', 0, '', 0, 1, 0, 0, 0, '', '258477e74d934eabb11e26072ac73f96435cad49', 'ce99a143e8fef3f0619fc76467b2cad349fdd668', 0, '', 0, '', 0, '', 9876543, '', 0, 0, '', 0, '', 0, '', 1, 1503489770, 1503489770),
(123, 'Amit', 'Cqlsys', 1503352800, '+919780414021', 'amit_k@cqlsys.co.uk', '7c4a8d09ca3762af61e59520943dc26494f8941b', 'male', '', '', 2, '', 0, 1, 0, 0, 0, 'fdG6MV1aNmc:APA91bHlrrnjwBq2pYgLe9_2VjIzTPRD6mBpNkUMs6jxmmWsliQwVhn0kTZvqzNV5h7cgjA2MD-XeGvzRb9z1zHsRVk5dR0Bqx1C16hpI9B6_nk5ssh8z4hPOfEs9SVVS1fL6GoqXFRu', 'ff6424eef2f0348a5cae8c8775f474be368bee41', '40bd001563085fc35165329ea1ff5c5ecbdbbeef', 0, '', 0, '', 0, '', 0, '', 0, 0, '', 0, '', 0, '', 1, 1503551789, 1503551789),
(124, 'Priyanka', 'Bathla', 584821800, '', 'parveen.cql@gmail.com', '', 'male', '', '', 0, '', 0, 1, 0, 0, 1, '123456789', '329fe36b52b63b10fe971b7e37974375c9b2f626', 'b53101f2abefe5061dc548b7e9dc0bd9c4ebc712', 0, '', 0, '', 0, '', 0, '', 0, 0, '', 0, '', 0, '', 1, 1503562679, 1503562679),
(125, 'Amritpal', 'Singh', 746402400, '+919888940115', 'amritpal424@gmail.com', '7c4a8d09ca3762af61e59520943dc26494f8941b', 'male', '', '', 2, '', 0, 1, 0, 0, 0, '', '', '0ca9277f91e40054767f69afeb0426711ca0fddd', 0, '22551410b2797b39066291c17e4e563f31280aa1', 0, '', 0, '', 0, '', 0, 0, '', 0, '', 0, '', 1, 1503814787, 1503814787),
(126, 'Vinay', 'Piplani', 0, '', 'vinaypiplani1@gmail.com', '', 'male', '', '', 0, '', 0, 1, 0, 0, 1, '123456789', '0d907b61ae7726bf5752e415f4e0d30bffea8acd', '2160b0e26ea3dde19b35d5e385b192e9e8d6a9f0', 0, '', 0, '', 0, '', 0, '', 0, 0, '', 0, '', 0, '', 1, 1503815111, 1503815111),
(127, 'ABCC', 'CBA', 0, '9887895235', 'aa@gmail.com', '123456', 'male', 'qwerty', 'qwerty', 0, '', 3, 1, 0, 0, 0, '', '', '', 0, '', 0, '', 0, '', 0, '', 0, 0, 'Indian', 0, '', 0, '', 1, 1503831273, 1503832673);

-- --------------------------------------------------------

--
-- Table structure for table `users_articles`
--

CREATE TABLE IF NOT EXISTS `users_articles` (
`id` int(11) NOT NULL,
  `user_id` int(11) NOT NULL,
  `article_id` int(11) NOT NULL
) ENGINE=InnoDB DEFAULT CHARSET=utf8 AUTO_INCREMENT=1 ;

--
-- Indexes for dumped tables
--

--
-- Indexes for table `admins`
--
ALTER TABLE `admins`
 ADD PRIMARY KEY (`id`);

--
-- Indexes for table `admin_settings`
--
ALTER TABLE `admin_settings`
 ADD PRIMARY KEY (`id`);

--
-- Indexes for table `ads`
--
ALTER TABLE `ads`
 ADD PRIMARY KEY (`id`);

--
-- Indexes for table `articles`
--
ALTER TABLE `articles`
 ADD PRIMARY KEY (`id`), ADD KEY `status` (`status`);

--
-- Indexes for table `article_comments`
--
ALTER TABLE `article_comments`
 ADD PRIMARY KEY (`id`);

--
-- Indexes for table `bookings`
--
ALTER TABLE `bookings`
 ADD PRIMARY KEY (`id`);

--
-- Indexes for table `categories`
--
ALTER TABLE `categories`
 ADD PRIMARY KEY (`id`);

--
-- Indexes for table `content_magements`
--
ALTER TABLE `content_magements`
 ADD PRIMARY KEY (`id`);

--
-- Indexes for table `events`
--
ALTER TABLE `events`
 ADD PRIMARY KEY (`id`);

--
-- Indexes for table `event_categories`
--
ALTER TABLE `event_categories`
 ADD PRIMARY KEY (`id`);

--
-- Indexes for table `groups`
--
ALTER TABLE `groups`
 ADD PRIMARY KEY (`id`);

--
-- Indexes for table `media`
--
ALTER TABLE `media`
 ADD PRIMARY KEY (`id`);

--
-- Indexes for table `messages`
--
ALTER TABLE `messages`
 ADD PRIMARY KEY (`id`), ADD KEY `user_id` (`user_id`), ADD KEY `user_id_2` (`user_id`), ADD KEY `user2id` (`user2id`), ADD KEY `is_read` (`is_read`), ADD KEY `status` (`status`);

--
-- Indexes for table `ticket_categories`
--
ALTER TABLE `ticket_categories`
 ADD PRIMARY KEY (`id`);

--
-- Indexes for table `transactions`
--
ALTER TABLE `transactions`
 ADD PRIMARY KEY (`id`);

--
-- Indexes for table `users`
--
ALTER TABLE `users`
 ADD PRIMARY KEY (`id`);

--
-- Indexes for table `users_articles`
--
ALTER TABLE `users_articles`
 ADD PRIMARY KEY (`id`), ADD KEY `user_id` (`user_id`), ADD KEY `article_id` (`article_id`);

--
-- AUTO_INCREMENT for dumped tables
--

--
-- AUTO_INCREMENT for table `admins`
--
ALTER TABLE `admins`
MODIFY `id` int(11) NOT NULL AUTO_INCREMENT,AUTO_INCREMENT=2;
--
-- AUTO_INCREMENT for table `admin_settings`
--
ALTER TABLE `admin_settings`
MODIFY `id` int(11) NOT NULL AUTO_INCREMENT;
--
-- AUTO_INCREMENT for table `ads`
--
ALTER TABLE `ads`
MODIFY `id` int(11) NOT NULL AUTO_INCREMENT,AUTO_INCREMENT=24;
--
-- AUTO_INCREMENT for table `articles`
--
ALTER TABLE `articles`
MODIFY `id` int(11) NOT NULL AUTO_INCREMENT,AUTO_INCREMENT=4;
--
-- AUTO_INCREMENT for table `article_comments`
--
ALTER TABLE `article_comments`
MODIFY `id` int(11) NOT NULL AUTO_INCREMENT,AUTO_INCREMENT=8;
--
-- AUTO_INCREMENT for table `bookings`
--
ALTER TABLE `bookings`
MODIFY `id` int(11) NOT NULL AUTO_INCREMENT,AUTO_INCREMENT=47;
--
-- AUTO_INCREMENT for table `categories`
--
ALTER TABLE `categories`
MODIFY `id` int(11) NOT NULL AUTO_INCREMENT,AUTO_INCREMENT=14;
--
-- AUTO_INCREMENT for table `content_magements`
--
ALTER TABLE `content_magements`
MODIFY `id` int(11) NOT NULL AUTO_INCREMENT,AUTO_INCREMENT=11;
--
-- AUTO_INCREMENT for table `events`
--
ALTER TABLE `events`
MODIFY `id` int(11) NOT NULL AUTO_INCREMENT,AUTO_INCREMENT=180;
--
-- AUTO_INCREMENT for table `event_categories`
--
ALTER TABLE `event_categories`
MODIFY `id` int(11) NOT NULL AUTO_INCREMENT,AUTO_INCREMENT=271;
--
-- AUTO_INCREMENT for table `groups`
--
ALTER TABLE `groups`
MODIFY `id` int(11) NOT NULL AUTO_INCREMENT,AUTO_INCREMENT=4;
--
-- AUTO_INCREMENT for table `media`
--
ALTER TABLE `media`
MODIFY `id` int(11) NOT NULL AUTO_INCREMENT,AUTO_INCREMENT=131;
--
-- AUTO_INCREMENT for table `messages`
--
ALTER TABLE `messages`
MODIFY `id` int(11) NOT NULL AUTO_INCREMENT;
--
-- AUTO_INCREMENT for table `ticket_categories`
--
ALTER TABLE `ticket_categories`
MODIFY `id` int(11) NOT NULL AUTO_INCREMENT,AUTO_INCREMENT=63;
--
-- AUTO_INCREMENT for table `transactions`
--
ALTER TABLE `transactions`
MODIFY `id` int(11) NOT NULL AUTO_INCREMENT,AUTO_INCREMENT=2;
--
-- AUTO_INCREMENT for table `users`
--
ALTER TABLE `users`
MODIFY `id` int(11) NOT NULL AUTO_INCREMENT,AUTO_INCREMENT=128;
--
-- AUTO_INCREMENT for table `users_articles`
--
ALTER TABLE `users_articles`
MODIFY `id` int(11) NOT NULL AUTO_INCREMENT;
/*!40101 SET CHARACTER_SET_CLIENT=@OLD_CHARACTER_SET_CLIENT */;
/*!40101 SET CHARACTER_SET_RESULTS=@OLD_CHARACTER_SET_RESULTS */;
/*!40101 SET COLLATION_CONNECTION=@OLD_COLLATION_CONNECTION */;
